﻿<genxml>
  <hidden>
    <index datatype="double">99</index>
  </hidden>
  <textbox>
    <ctrl update="save">OS_PaymentGateway</ctrl>
    <name update="save">OS_PaymentGateway Payment</name>
    <icon update="save" />
    <group update="save">Admin</group>
    <path update="save">/DesktopModules/NBright/OS_PaymentGateway/Payment.ascx</path>
    <help update="save" />
    <description update="save" />
  </textbox>
  <checkbox>
    <hidden update="save">False</hidden>
  </checkbox>
  <dropdownlist />
  <checkboxlist>
    <securityroles update="save">
      <chk value="True" data="Administrators">Administrators</chk>
      <chk value="False" data="Manager">Manager</chk>
      <chk value="False" data="Editor">Editor</chk>
      <chk value="False" data="ClientEditor">ClientEditor</chk>
    </securityroles>
  </checkboxlist>
  <radiobuttonlist />
  <interfaces>
    <genxml>
      <files />
      <hidden />
      <textbox>
        <assembly>OS_PaymentGateway</assembly>
        <namespaceclass>OS_PaymentGateway.OS_PaymentGatewayPaymentProvider</namespaceclass>
      </textbox>
      <checkbox>
        <active>True</active>
      </checkbox>
      <dropdownlist>
        <providertype>07</providertype>
      </dropdownlist>
      <checkboxlist />
      <radiobuttonlist />
    </genxml>
    <genxml>
      <files />
      <hidden />
      <textbox>
        <assembly>OS_PaymentGateway</assembly>
        <namespaceclass>OS_PaymentGateway.AjaxProvider</namespaceclass>
      </textbox>
      <checkbox>
        <active>True</active>
      </checkbox>
      <dropdownlist>
        <providertype>12</providertype>
      </dropdownlist>
      <checkboxlist />
      <radiobuttonlist />
    </genxml>
  </interfaces>
</genxml>